"","FIPS","State","Year","n","total_n","power"
"1",1,"Alabama",2010,4779736,308745538,1.54811500466122
"2",2,"Alaska",2010,710231,308745538,0.230037656447038
"3",4,"Arizona",2010,6392017,308745538,2.07031882676147
"4",5,"Arkansas",2010,2915918,308745538,0.944440531477414
"5",6,"California",2010,37253956,308745538,12.0662330025317
"6",8,"Colorado",2010,5029196,308745538,1.62891293347209
"7",9,"Connecticut",2010,3574097,308745538,1.15761899691001
"8",10,"Delaware",2010,897934,308745538,0.290833028978058
"9",11,"District of Columbia",2010,601723,308745538,0.194892857042682
"10",12,"Florida",2010,18801310,308745538,6.08958112295051
"11",13,"Georgia",2010,9687653,308745538,3.1377467226749
"12",15,"Hawaii",2010,1360301,308745538,0.44058968716173
"13",16,"Idaho",2010,1567582,308745538,0.507726203965416
"14",17,"Illinois",2010,12830632,308745538,4.15573034127541
"15",18,"Indiana",2010,6483802,308745538,2.10004719161318
"16",19,"Iowa",2010,3046355,308745538,0.986687943648922
"17",20,"Kansas",2010,2853118,308745538,0.924100156550279
"18",21,"Kentucky",2010,4339367,308745538,1.40548330774581
"19",22,"Louisiana",2010,4533372,308745538,1.46831984337859
"20",23,"Maine",2010,1328361,308745538,0.430244598385095
"21",24,"Maryland",2010,5773552,308745538,1.87000338123105
"22",25,"Massachusetts",2010,6547629,308745538,2.12072020292646
"23",26,"Michigan",2010,9883640,308745538,3.20122521090491
"24",27,"Minnesota",2010,5303925,308745538,1.71789527206058
"25",28,"Mississippi",2010,2967297,308745538,0.961081743633166
"26",29,"Missouri",2010,5988927,308745538,1.93976147438283
"27",30,"Montana",2010,989415,308745538,0.320462930868332
"28",31,"Nebraska",2010,1826341,308745538,0.591535998165583
"29",32,"Nevada",2010,2700551,308745538,0.874685029456199
"30",33,"New Hampshire",2010,1316470,308745538,0.426393206693079
"31",34,"New Jersey",2010,8791894,308745538,2.84761815731892
"32",35,"New Mexico",2010,2059179,308745538,0.66695020544718
"33",36,"New York",2010,19378102,308745538,6.27639904548191
"34",37,"North Carolina",2010,9535483,308745538,3.08846018043506
"35",38,"North Dakota",2010,672591,308745538,0.217846387143577
"36",39,"Ohio",2010,11536504,308745538,3.73657351446485
"37",40,"Oklahoma",2010,3751351,308745538,1.21503002903316
"38",41,"Oregon",2010,3831074,308745538,1.24085161677705
"39",42,"Pennsylvania",2010,12702379,308745538,4.11419030774786
"40",44,"Rhode Island",2010,1052567,308745538,0.340917315540282
"41",45,"South Carolina",2010,4625364,308745538,1.49811525373364
"42",46,"South Dakota",2010,814180,308745538,0.263705835321254
"43",47,"Tennessee",2010,6346105,308745538,2.05544832845487
"44",48,"Texas",2010,25145561,308745538,8.14442895689719
"45",49,"Utah",2010,2763885,308745538,0.895198362348479
"46",50,"Vermont",2010,625741,308745538,0.20267207877835
"47",51,"Virginia",2010,8001024,308745538,2.59146222867843
"48",53,"Washington",2010,6724540,308745538,2.17802014032669
"49",54,"West Virginia",2010,1852994,308745538,0.600168673530757
"50",55,"Wisconsin",2010,5686986,308745538,1.84196540518101
"51",56,"Wyoming",2010,563626,308745538,0.182553569405754
"52",1,"Alabama",2020,4931806,333544649,1.47860444314908
"53",2,"Alaska",2020,764911,333544649,0.229327918254206
"54",4,"Arizona",2020,7248162,333544649,2.17307098816626
"55",5,"Arkansas",2020,3035704,333544649,0.910134223139643
"56",6,"California",2020,40938164,333544649,12.2736683447738
"57",8,"Colorado",2020,5874462,333544649,1.76122207854697
"58",9,"Connecticut",2020,3606144,333544649,1.0811578032541
"59",10,"Delaware",2020,991570,333544649,0.297282538626485
"60",11,"District of Columbia",2020,743111,333544649,0.222792061640899
"61",12,"Florida",2020,21700027,333544649,6.50588371453682
"62",13,"Georgia",2020,10716537,333544649,3.21292427629382
"63",15,"Hawaii",2020,1499329,333544649,0.449513732118065
"64",16,"Idaho",2020,1738146,333544649,0.521113441696976
"65",17,"Illinois",2020,12886619,333544649,3.86353642267545
"66",18,"Indiana",2020,6745069,333544649,2.02223870783788
"67",19,"Iowa",2020,3195757,333544649,0.958119702888713
"68",20,"Kansas",2020,2965624,333544649,0.889123542797414
"69",21,"Kentucky",2020,4504111,333544649,1.35037723240465
"70",22,"Louisiana",2020,4798577,333544649,1.43866106513374
"71",23,"Maine",2020,1330204,333544649,0.398808376626063
"72",24,"Maryland",2020,6225156,333544649,1.86636362437942
"73",25,"Massachusetts",2020,7025717,333544649,2.10637976686593
"74",26,"Michigan",2020,9957936,333544649,2.98548815873823
"75",27,"Minnesota",2020,5663175,333544649,1.69787613651688
"76",28,"Mississippi",2020,3015167,333544649,0.903977026475997
"77",29,"Missouri",2020,6170685,333544649,1.8500326773343
"78",30,"Montana",2020,1073985,333544649,0.321991374534088
"79",31,"Nebraska",2020,1961686,333544649,0.588132954877654
"80",32,"Nevada",2020,3074545,333544649,0.921779140878977
"81",33,"New Hampshire",2020,1343530,333544649,0.4028036438384
"82",34,"New Jersey",2020,9111014,333544649,2.73157252779072
"83",35,"New Mexico",2020,2108851,333544649,0.632254484166526
"84",36,"New York",2020,20181453,333544649,6.05060014019293
"85",37,"North Carolina",2020,10525024,333544649,3.15550677594591
"86",38,"North Dakota",2020,842308,333544649,0.252532307901003
"87",39,"Ohio",2020,11683458,333544649,3.50281679979822
"88",40,"Oklahoma",2020,4061960,333544649,1.21781596921976
"89",41,"Oregon",2020,4216827,333544649,1.26424663463871
"90",42,"Pennsylvania",2020,12893771,333544649,3.86568066334052
"91",44,"Rhode Island",2020,1059685,333544649,0.317704092443708
"92",45,"South Carolina",2020,5154774,333544649,1.54545246504614
"93",46,"South Dakota",2020,900612,333544649,0.270012426432301
"94",47,"Tennessee",2020,6839046,333544649,2.05041394623003
"95",48,"Texas",2020,29755854,333544649,8.92110069497772
"96",49,"Utah",2020,3222596,333544649,0.966166301771491
"97",50,"Vermont",2020,626314,333544649,0.187775160500326
"98",51,"Virginia",2020,8744273,333544649,2.62161993190903
"99",53,"Washington",2020,7599119,333544649,2.27829138401198
"100",54,"West Virginia",2020,1836143,333544649,0.550493916033412
"101",55,"Wisconsin",2020,5848732,333544649,1.75350796888365
"102",56,"Wyoming",2020,607219,333544649,0.182050289764954
"103",1,"Alabama",2030,5083599,360828811,1.40886726475952
"104",2,"Alaska",2030,822972,360828811,0.228078239572726
"105",4,"Arizona",2030,8210714,360828811,2.27551507797974
"106",5,"Arkansas",2030,3157232,360828811,0.87499443053066
"107",6,"California",2030,44941488,360828811,12.4550719426892
"108",8,"Colorado",2030,6854893,360828811,1.89976320931867
"109",9,"Connecticut",2030,3634820,360828811,1.00735304088564
"110",10,"Delaware",2030,1093869,360828811,0.303154561568533
"111",11,"District of Columbia",2030,916799,360828811,0.254081429212702
"112",12,"Florida",2030,25020477,360828811,6.93416829178865
"113",13,"Georgia",2030,11842775,360828811,3.28210349034462
"114",15,"Hawaii",2030,1650906,360828811,0.457531646495934
"115",16,"Idaho",2030,1925330,360828811,0.533585440326715
"116",17,"Illinois",2030,12929838,360828811,3.58337183889676
"117",18,"Indiana",2030,7009809,360828811,1.94269658805045
"118",19,"Iowa",2030,3349116,360828811,0.928173110877224
"119",20,"Kansas",2030,3079467,360828811,0.853442659267028
"120",21,"Kentucky",2030,4670409,360828811,1.29435589886973
"121",22,"Louisiana",2030,5074190,360828811,1.40625965702057
"122",23,"Maine",2030,1330709,360828811,0.368792335709578
"123",24,"Maryland",2030,6705335,360828811,1.85831474527127
"124",25,"Massachusetts",2030,7531133,360828811,2.0871761817268
"125",26,"Michigan",2030,10022703,360828811,2.77768922393506
"126",27,"Minnesota",2030,6040677,360828811,1.67411160523986
"127",28,"Mississippi",2030,3060728,360828811,0.84824933782796
"128",29,"Missouri",2030,6351566,360828811,1.7602712994002
"129",30,"Montana",2030,1164612,360828811,0.32276025763364
"130",31,"Nebraska",2030,2104942,360828811,0.583363061881442
"131",32,"Nevada",2030,3496813,360828811,0.969105817883262
"132",33,"New Hampshire",2030,1369768,360828811,0.379617136504103
"133",34,"New Jersey",2030,9432224,360828811,2.61404403208811
"134",35,"New Mexico",2030,2157549,360828811,0.597942551765912
"135",36,"New York",2030,20996975,360828811,5.81909602556654
"136",37,"North Carolina",2030,11605573,360828811,3.21636539162057
"137",38,"North Dakota",2030,938167,360828811,0.260003351007356
"138",39,"Ohio",2030,11820388,360828811,3.275899163163
"139",40,"Oklahoma",2030,4393864,360828811,1.21771429166725
"140",41,"Oregon",2030,4636755,360828811,1.28502903832699
"141",42,"Pennsylvania",2030,13074888,360828811,3.62357095703203
"142",44,"Rhode Island",2030,1065779,360828811,0.295369706494973
"143",45,"South Carolina",2030,5739003,360828811,1.59050575371045
"144",46,"South Dakota",2030,995219,360828811,0.275814727000833
"145",47,"Tennessee",2030,7362867,360828811,2.04054298757202
"146",48,"Texas",2030,35176014,360828811,9.74867109489214
"147",49,"Utah",2030,3753660,360828811,1.04028832664363
"148",50,"Vermont",2030,626258,360828811,0.173560974320313
"149",51,"Virginia",2030,9546958,360828811,2.64584138210626
"150",53,"Washington",2030,8578809,360828811,2.37752882765229
"151",54,"West Virginia",2030,1817616,360828811,0.503733611227625
"152",55,"Wisconsin",2030,6009031,360828811,1.6653412412791
"153",56,"Wyoming",2030,653525,360828811,0.181117743394388
"154",1,"Alabama",2040,5128561,383082556,1.33876129823045
"155",2,"Alaska",2040,866600,383082556,0.226217557136692
"156",4,"Arizona",2040,9103179,383082556,2.37629692540738
"157",5,"Arkansas",2040,3213755,383082556,0.838919692286902
"158",6,"California",2040,48286484,383082556,12.6047201167782
"159",8,"Colorado",2040,7828749,383082556,2.04361928711784
"160",9,"Connecticut",2040,3585765,383082556,0.936029308523252
"161",10,"Delaware",2040,1181045,383082556,0.308300386301067
"162",11,"District of Columbia",2040,1107014,383082556,0.288975309019291
"163",12,"Florida",2040,28235139,383082556,7.37051023539688
"164",13,"Georgia",2040,12808892,383082556,3.34363750042432
"165",15,"Hawaii",2040,1779125,383082556,0.464423391808005
"166",16,"Idaho",2040,2087293,383082556,0.544867670769117
"167",17,"Illinois",2040,12697149,383082556,3.31446806990606
"168",18,"Indiana",2040,7129926,383082556,1.86119829481351
"169",19,"Iowa",2040,3435150,383082556,0.896712717976122
"170",20,"Kansas",2040,3129638,383082556,0.81696176215343
"171",21,"Kentucky",2040,4739798,383082556,1.23727847320722
"172",22,"Louisiana",2040,5251460,383082556,1.37084289476235
"173",23,"Maine",2040,1302889,383082556,0.340106585276099
"174",24,"Maryland",2040,7068866,383082556,1.84525917175931
"175",25,"Massachusetts",2040,7901128,383082556,2.06251312576081
"176",26,"Michigan",2040,9873234,383082556,2.57731234308669
"177",27,"Minnesota",2040,6306239,383082556,1.6461827617126
"178",28,"Mississippi",2040,3040865,383082556,0.793788428205016
"179",29,"Missouri",2040,6398634,383082556,1.67030158376619
"180",30,"Montana",2040,1236013,383082556,0.322649251614579
"181",31,"Nebraska",2040,2210599,383082556,0.577055510718687
"182",32,"Nevada",2040,3892449,383082556,1.01608620362239
"183",33,"New Hampshire",2040,1366803,383082556,0.356790717455691
"184",34,"New Jersey",2040,9556978,383082556,2.49475676986973
"185",35,"New Mexico",2040,2160402,383082556,0.563952068859016
"186",36,"New York",2040,21380610,383082556,5.58120166661935
"187",37,"North Carolina",2040,12524753,383082556,3.26946575975127
"188",38,"North Dakota",2040,1044934,383082556,0.272769924820069
"189",39,"Ohio",2040,11704452,383082556,3.05533410923571
"190",40,"Oklahoma",2040,4651753,383082556,1.21429517662506
"191",41,"Oregon",2040,4990011,383082556,1.30259415936444
"192",42,"Pennsylvania",2040,12976425,383082556,3.38737037141415
"193",44,"Rhode Island",2040,1049098,383082556,0.273856896788587
"194",45,"South Carolina",2040,6253488,383082556,1.63241262282901
"195",46,"South Dakota",2040,1076362,383082556,0.280973900570926
"196",47,"Tennessee",2040,7758137,383082556,2.02518670675258
"197",48,"Texas",2040,40698640,383082556,10.623986752349
"198",49,"Utah",2040,4279204,383082556,1.11704485964639
"199",50,"Vermont",2040,612877,383082556,0.159985619392181
"200",51,"Virginia",2040,10201530,383082556,2.66301084197632
"201",53,"Washington",2040,9478722,383082556,2.4743287971588
"202",54,"West Virginia",2040,1760989,383082556,0.45968916423331
"203",55,"Wisconsin",2040,6042354,383082556,1.57729813205068
"204",56,"Wyoming",2040,688396,383082556,0.179699124697288
"205",NA,"Alabama",1913,2279000,97499636,2.33744462389583
"206",NA,"Alabama",1920,2359000,106773917,2.20934106969214
"207",NA,"Alabama",1930,2647000,123502578,2.14327509827366
"208",NA,"Alabama",1940,2845000,132450294,2.14797560207756
"209",NA,"Alabama",1950,3058000,151870000,2.01356423256733
"210",NA,"Alabama",1960,3274000,179972000,1.81917187117996
"211",NA,"Alabama",1970,3444354,203302031,1.69420540614275
"212",NA,"Alabama",1980,3893888,226545805,1.71880825601692
"213",NA,"Alabama",1990,4048508,249464396,1.6228800842586
"214",NA,"Alabama",2000,4369862,272690813,1.60249696420832
"215",NA,"Alaska",1913,61560,97499636,0.0631386972562646
"216",NA,"Alaska",1920,55036,106773917,0.0515444235318257
"217",NA,"Alaska",1930,59278,123502578,0.0479973786458126
"218",NA,"Alaska",1940,72524,132450294,0.0547556353480046
"219",NA,"Alaska",1950,135000,151870000,0.0888918153684072
"220",NA,"Alaska",1960,229000,179972000,0.127242015424622
"221",NA,"Alaska",1970,302583,203302031,0.148834223894202
"222",NA,"Alaska",1980,401851,226545805,0.177381788199521
"223",NA,"Alaska",1990,553120,249464396,0.221723022951941
"224",NA,"Alaska",2000,619500,272690813,0.227180370759319
"225",NA,"Arizona",1913,236000,97499636,0.242052185712775
"226",NA,"Arizona",1920,340000,106773917,0.318429827764022
"227",NA,"Arizona",1930,434000,123502578,0.351409668549591
"228",NA,"Arizona",1940,499000,132450294,0.376745105601653
"229",NA,"Arizona",1950,756000,151870000,0.49779416606308
"230",NA,"Arizona",1960,1321000,179972000,0.734003067143778
"231",NA,"Arizona",1970,1775399,203302031,0.873281487286273
"232",NA,"Arizona",1980,2718215,226545805,1.19985227711456
"233",NA,"Arizona",1990,3679056,249464396,1.47478199654591
"234",NA,"Arizona",2000,4778332,272690813,1.75228932263296
"235",NA,"Arkansas",1913,1664000,97499636,1.70667303824601
"236",NA,"Arkansas",1920,1756000,106773917,1.64459640456948
"237",NA,"Arkansas",1930,1859000,123502578,1.50523173694399
"238",NA,"Arkansas",1940,1955000,132450294,1.47602541372992
"239",NA,"Arkansas",1950,1908000,151870000,1.25633765720682
"240",NA,"Arkansas",1960,1789000,179972000,0.994043517880559
"241",NA,"Arkansas",1970,1923322,203302031,0.946041704817007
"242",NA,"Arkansas",1980,2286435,226545805,1.00925947403882
"243",NA,"Arkansas",1990,2354343,249464396,0.943759124648794
"244",NA,"Arkansas",2000,2551373,272690813,0.935628513454907
"245",NA,"California",1913,2811000,97499636,2.88308768660429
"246",NA,"California",1920,3554000,106773917,3.32852825845098
"247",NA,"California",1930,5711000,123502578,4.62419497024588
"248",NA,"California",1940,6950000,132450294,5.24725147080459
"249",NA,"California",1950,10677000,151870000,7.03035490880358
"250",NA,"California",1960,15870000,179972000,8.8180383615229
"251",NA,"California",1970,19971069,203302031,9.82334947750719
"252",NA,"California",1980,23667902,226545805,10.4472921050116
"253",NA,"California",1990,29950111,249464396,12.0057657446235
"254",NA,"California",2000,33145121,272690813,12.154835960682
"255",NA,"Colorado",1913,835000,97499636,0.85641345368715
"256",NA,"Colorado",1920,937000,106773917,0.877555142984967
"257",NA,"Colorado",1930,1040000,123502578,0.842087685003628
"258",NA,"Colorado",1940,1130000,132450294,0.853150239138012
"259",NA,"Colorado",1950,1325000,151870000,0.872456706393626
"260",NA,"Colorado",1960,1769000,179972000,0.982930678105483
"261",NA,"Colorado",1970,2209596,203302031,1.08685387407664
"262",NA,"Colorado",1980,2889964,226545805,1.27566431874561
"263",NA,"Colorado",1990,3303862,249464396,1.32438217756734
"264",NA,"Colorado",2000,4056133,272690813,1.48744761709299
"265",NA,"Connecticut",1913,1208000,97499636,1.2389789844959
"266",NA,"Connecticut",1920,1391000,106773917,1.30275261888163
"267",NA,"Connecticut",1930,1613000,123502578,1.30604561145274
"268",NA,"Connecticut",1940,1708000,132450294,1.28954036145816
"269",NA,"Connecticut",1950,2016000,151870000,1.32745110950155
"270",NA,"Connecticut",1960,2544000,179972000,1.41355321938968
"271",NA,"Connecticut",1970,3032217,203302031,1.49148387012425
"272",NA,"Connecticut",1980,3107576,226545805,1.37172083146717
"273",NA,"Connecticut",1990,3289056,249464396,1.31844706208096
"274",NA,"Connecticut",2000,3282031,272690813,1.20357226702757
"275",NA,"Delaware",1913,213000,97499636,0.218462354054327
"276",NA,"Delaware",1920,219000,106773917,0.205106271412708
"277",NA,"Delaware",1930,239000,123502578,0.193518227611411
"278",NA,"Delaware",1940,269000,132450294,0.203095056927544
"279",NA,"Delaware",1950,321000,151870000,0.211364983209324
"280",NA,"Delaware",1960,449000,179972000,0.249483252950459
"281",NA,"Delaware",1970,548104,203302031,0.269600848207955
"282",NA,"Delaware",1980,594338,226545805,0.262347828510883
"283",NA,"Delaware",1990,669063,249464396,0.268199795533147
"284",NA,"Delaware",2000,753538,272690813,0.276334208589565
"285",NA,"District.of.Columbia",1913,358000,97499636,0.367180857988024
"286",NA,"District.of.Columbia",1920,440000,106773917,0.412085659459323
"287",NA,"District.of.Columbia",1930,488000,123502578,0.39513345219401
"288",NA,"District.of.Columbia",1940,690000,132450294,0.520950146022326
"289",NA,"District.of.Columbia",1950,806000,151870000,0.530717060643972
"290",NA,"District.of.Columbia",1960,765000,179972000,0.425066121396662
"291",NA,"District.of.Columbia",1970,756668,203302031,0.372189100265309
"292",NA,"District.of.Columbia",1980,638333,226545805,0.281767742289468
"293",NA,"District.of.Columbia",1990,603814,249464396,0.242044159279547
"294",NA,"District.of.Columbia",2000,519000,272690813,0.190325443783836
"295",NA,"Florida",1913,828000,97499636,0.849233939704144
"296",NA,"Florida",1920,962000,106773917,0.900969100908792
"297",NA,"Florida",1930,1471000,123502578,1.19106825446186
"298",NA,"Florida",1940,1915000,132450294,1.44582540526486
"299",NA,"Florida",1950,2810000,151870000,1.85026667544611
"300",NA,"Florida",1960,5004000,179972000,2.78043251172405
"301",NA,"Florida",1970,6791418,203302031,3.34055590423492
"302",NA,"Florida",1980,9746324,226545805,4.30214278300143
"303",NA,"Florida",1990,13018365,249464396,5.2185262541433
"304",NA,"Florida",2000,15111244,272690813,5.54153028983782
"305",NA,"Georgia",1913,2733000,97499636,2.8030873879365
"306",NA,"Georgia",1920,2926000,106773917,2.7403696354045
"307",NA,"Georgia",1930,2910000,123502578,2.35622611861592
"308",NA,"Georgia",1940,3119000,132450294,2.35484566006324
"309",NA,"Georgia",1950,3458000,151870000,2.27694738921446
"310",NA,"Georgia",1960,3956000,179972000,2.19811970751006
"311",NA,"Georgia",1970,4587930,203302031,2.2567064270991
"312",NA,"Georgia",1980,5463105,226545805,2.41147921498701
"313",NA,"Georgia",1990,6506531,249464396,2.60820024994669
"314",NA,"Georgia",2000,7788240,272690813,2.85606981559734
"315",NA,"Hawaii",1913,211076,97499636,0.216489013353855
"316",NA,"Hawaii",1920,255881,106773917,0.239647478700252
"317",NA,"Hawaii",1930,368300,123502578,0.298212398448881
"318",NA,"Hawaii",1940,422770,132450294,0.31919143946936
"319",NA,"Hawaii",1950,498000,151870000,0.32791203002568
"320",NA,"Hawaii",1960,642000,179972000,0.356722156779944
"321",NA,"Hawaii",1970,769913,203302031,0.378704037639447
"322",NA,"Hawaii",1980,964691,226545805,0.425826026661584
"323",NA,"Hawaii",1990,1112703,249464396,0.44603679636913
"324",NA,"Hawaii",2000,1185497,272690813,0.434740351887102
"325",NA,"Idaho",1913,371000,97499636,0.380514241099321
"326",NA,"Idaho",1920,433000,106773917,0.405529751240652
"327",NA,"Idaho",1930,447000,123502578,0.361935764612136
"328",NA,"Idaho",1940,522000,132450294,0.394110110469064
"329",NA,"Idaho",1950,590000,151870000,0.38849015605452
"330",NA,"Idaho",1960,671000,179972000,0.372835774453804
"331",NA,"Idaho",1970,713015,203302031,0.350717106215235
"332",NA,"Idaho",1980,943935,226545805,0.416664082568203
"333",NA,"Idaho",1990,1011882,249464396,0.405621810657101
"334",NA,"Idaho",2000,1251700,272690813,0.459018030798126
"335",NA,"Illinois",1913,5961000,97499636,6.11386897895701
"336",NA,"Illinois",1920,6663000,106773917,6.24028806585788
"337",NA,"Illinois",1930,7644000,123502578,6.18934448477667
"338",NA,"Illinois",1940,7905000,132450294,5.96827667290795
"339",NA,"Illinois",1950,8738000,151870000,5.75360505695661
"340",NA,"Illinois",1960,10086000,179972000,5.60420509857089
"341",NA,"Illinois",1970,11110285,203302031,5.46491589156824
"342",NA,"Illinois",1980,11426518,226545805,5.04380030343091
"343",NA,"Illinois",1990,11446979,249464396,4.58862233791471
"344",NA,"Illinois",2000,12128370,272690813,4.44766358887199
"345",NA,"Indiana",1913,2824000,97499636,2.89642106971558
"346",NA,"Indiana",1920,2947000,106773917,2.76003736006051
"347",NA,"Indiana",1930,3242000,123502578,2.62504641805939
"348",NA,"Indiana",1940,3433000,132450294,2.59191572651398
"349",NA,"Indiana",1950,3967000,151870000,2.61210245604794
"350",NA,"Indiana",1960,4674000,179972000,2.59707065543529
"351",NA,"Indiana",1970,5195392,203302031,2.55550422907482
"352",NA,"Indiana",1980,5490224,226545805,2.42344986260063
"353",NA,"Indiana",1990,5555097,249464396,2.22680955241404
"354",NA,"Indiana",2000,5942901,272690813,2.17935504853257
"355",NA,"Iowa",1913,2305000,97499636,2.36411139011842
"356",NA,"Iowa",1920,2400000,106773917,2.24773996068722
"357",NA,"Iowa",1930,2475000,123502578,2.00400675036921
"358",NA,"Iowa",1940,2537000,132450294,1.91543553689658
"359",NA,"Iowa",1950,2625000,151870000,1.72845196549681
"360",NA,"Iowa",1960,2756000,179972000,1.53134932100549
"361",NA,"Iowa",1970,2825368,203302031,1.38973919055437
"362",NA,"Iowa",1980,2913808,226545805,1.28618934259233
"363",NA,"Iowa",1990,2779769,249464396,1.11429488318646
"364",NA,"Iowa",2000,2869413,272690813,1.05225877191543
"365",NA,"Kansas",1913,1663000,97499636,1.70564739339129
"366",NA,"Kansas",1920,1769000,106773917,1.65677166268987
"367",NA,"Kansas",1930,1883000,123502578,1.52466452967484
"368",NA,"Kansas",1940,1788000,132450294,1.34994037838829
"369",NA,"Kansas",1950,1916000,151870000,1.26160532033976
"370",NA,"Kansas",1960,2183000,179972000,1.21296646144956
"371",NA,"Kansas",1970,2249071,203302031,1.10627079765868
"372",NA,"Kansas",1980,2363679,226545805,1.0433558899932
"373",NA,"Kansas",1990,2480683,249464396,0.994403626239313
"374",NA,"Kansas",2000,2654052,272690813,0.973282513921729
"375",NA,"Kentucky",1913,2374000,97499636,2.43488088509377
"376",NA,"Kentucky",1920,2421000,106773917,2.26740768534323
"377",NA,"Kentucky",1930,2623000,123502578,2.1238423055428
"378",NA,"Kentucky",1940,2859000,132450294,2.15854560504033
"379",NA,"Kentucky",1950,2936000,151870000,1.93323236978995
"380",NA,"Kentucky",1960,3041000,179972000,1.68970728780032
"381",NA,"Kentucky",1970,3220711,203302031,1.5842001106226
"382",NA,"Kentucky",1980,3660777,226545805,1.61591030123025
"383",NA,"Kentucky",1990,3692584,249464396,1.48020481447781
"384",NA,"Kentucky",2000,3960825,272690813,1.45249667798673
"385",NA,"Louisiana",1913,1727000,97499636,1.77128866409306
"386",NA,"Louisiana",1920,1813000,106773917,1.6979802286358
"387",NA,"Louisiana",1930,2105000,123502578,1.70441786243523
"388",NA,"Louisiana",1940,2370000,132450294,1.78935050155495
"389",NA,"Louisiana",1950,2697000,151870000,1.77586093369329
"390",NA,"Louisiana",1960,3260000,179972000,1.81139288333741
"391",NA,"Louisiana",1970,3644637,203302031,1.79272040818913
"392",NA,"Louisiana",1980,4205900,226545805,1.85653404617225
"393",NA,"Louisiana",1990,4219179,249464396,1.69129505759211
"394",NA,"Louisiana",2000,4372035,272690813,1.60329383740552
"395",NA,"Maine",1913,763000,97499636,0.782567024147659
"396",NA,"Maine",1920,771000,106773917,0.722086462370768
"397",NA,"Maine",1930,800000,123502578,0.647759757695099
"398",NA,"Maine",1940,849000,132450294,0.640995179670949
"399",NA,"Maine",1950,917000,151870000,0.603805886613551
"400",NA,"Maine",1960,975000,179972000,0.541750939034961
"401",NA,"Maine",1970,993722,203302031,0.488790985073828
"402",NA,"Maine",1980,1124660,226545805,0.496438236850159
"403",NA,"Maine",1990,1231296,249464396,0.493575844787085
"404",NA,"Maine",2000,1253040,272690813,0.459509429824466
"405",NA,"Maryland",1913,1368000,97499636,1.40308216125033
"406",NA,"Maryland",1920,1464000,106773917,1.3711213760192
"407",NA,"Maryland",1930,1636000,123502578,1.32466870448648
"408",NA,"Maryland",1940,1839000,132450294,1.38844538918124
"409",NA,"Maryland",1950,2355000,151870000,1.55066833475999
"410",NA,"Maryland",1960,3113000,179972000,1.7297135109906
"411",NA,"Maryland",1970,3923897,203302031,1.93008253813264
"412",NA,"Maryland",1980,4216975,226545805,1.86142268226949
"413",NA,"Maryland",1990,4797431,249464396,1.92309246406449
"414",NA,"Maryland",2000,5171634,272690813,1.89651933745197
"415",NA,"Massachusetts",1913,3534000,97499636,3.62462891656334
"416",NA,"Massachusetts",1920,3882000,106773917,3.63571938641157
"417",NA,"Massachusetts",1930,4250000,123502578,3.44122371275521
"418",NA,"Massachusetts",1940,4318000,132450294,3.26009091380348
"419",NA,"Massachusetts",1950,4686000,151870000,3.08553368012116
"420",NA,"Massachusetts",1960,5160000,179972000,2.86711266196964
"421",NA,"Massachusetts",1970,5689170,203302031,2.79838325865028
"422",NA,"Massachusetts",1980,5737037,226545805,2.53239604238092
"423",NA,"Massachusetts",1990,6018664,249464396,2.41263446668357
"424",NA,"Massachusetts",2000,6175169,272690813,2.26453136871905
"425",NA,"Michigan",1913,3101000,97499636,3.18052469447168
"426",NA,"Michigan",1920,3723000,106773917,3.48680661401604
"427",NA,"Michigan",1930,4834000,123502578,3.91408833587263
"428",NA,"Michigan",1940,5315000,132450294,4.01282612479516
"429",NA,"Michigan",1950,6407000,151870000,4.21873971159544
"430",NA,"Michigan",1960,7834000,179972000,4.35289933989732
"431",NA,"Michigan",1970,8881826,203302031,4.36878370388735
"432",NA,"Michigan",1980,9262078,226545805,4.088390866474
"433",NA,"Michigan",1990,9310462,249464396,3.73218068361146
"434",NA,"Michigan",2000,9863775,272690813,3.61720106793623
"435",NA,"Minnesota",1913,2190000,97499636,2.24616223182618
"436",NA,"Minnesota",1920,2403000,106773917,2.25054963563807
"437",NA,"Minnesota",1930,2576000,123502578,2.08578641977822
"438",NA,"Minnesota",1940,2790000,132450294,2.1064505904381
"439",NA,"Minnesota",1950,2997000,151870000,1.97339830117864
"440",NA,"Minnesota",1960,3425000,179972000,1.90307381148179
"441",NA,"Minnesota",1970,3806103,203302031,1.87214214303644
"442",NA,"Minnesota",1980,4075970,226545805,1.79918140616199
"443",NA,"Minnesota",1990,4387283,249464396,1.75868102636979
"444",NA,"Minnesota",2000,4775508,272690813,1.75125371752073
"445",NA,"Mississippi",1913,1827000,97499636,1.87385314956458
"446",NA,"Mississippi",1920,1800000,106773917,1.68580497051541
"447",NA,"Mississippi",1930,2006000,123502578,1.62425759242046
"448",NA,"Mississippi",1940,2176000,132450294,1.64288046049939
"449",NA,"Mississippi",1950,2176000,151870000,1.4328043721604
"450",NA,"Mississippi",1960,2182000,179972000,1.2124108194608
"451",NA,"Mississippi",1970,2216994,203302031,1.09049279492933
"452",NA,"Mississippi",1980,2520638,226545805,1.11263945055173
"453",NA,"Mississippi",1990,2577426,249464396,1.03318390973917
"454",NA,"Mississippi",2000,2768619,272690813,1.0152960305267
"455",NA,"Missouri",1913,3409000,97499636,3.49642330972395
"456",NA,"Missouri",1920,3404000,106773917,3.18804451090803
"457",NA,"Missouri",1930,3646000,123502578,2.95216509569541
"458",NA,"Missouri",1940,3786000,132450294,2.85843080121815
"459",NA,"Missouri",1950,3964000,151870000,2.61012708237308
"460",NA,"Missouri",1960,4326000,179972000,2.40370724334897
"461",NA,"Missouri",1970,4677623,203302031,2.30082453037569
"462",NA,"Missouri",1980,4916686,226545805,2.17028340030397
"463",NA,"Missouri",1990,5126370,249464396,2.05495055895672
"464",NA,"Missouri",2000,5468338,272690813,2.00532534992295
"465",NA,"Montana",1913,433000,97499636,0.44410422209166
"466",NA,"Montana",1920,543000,106773917,0.508551166105482
"467",NA,"Montana",1930,539000,123502578,0.436428136747073
"468",NA,"Montana",1940,558000,132450294,0.42129011808762
"469",NA,"Montana",1950,593000,151870000,0.390465529729374
"470",NA,"Montana",1960,679000,179972000,0.377280910363834
"471",NA,"Montana",1970,694409,203302031,0.341565205514351
"472",NA,"Montana",1980,786690,226545805,0.347254278224221
"473",NA,"Montana",1990,799824,249464396,0.320616493906409
"474",NA,"Montana",2000,882779,272690813,0.323728911248653
"475",NA,"Nebraska",1913,1246000,97499636,1.27795348897508
"476",NA,"Nebraska",1920,1300000,106773917,1.21752581203891
"477",NA,"Nebraska",1930,1380000,123502578,1.11738558202404
"478",NA,"Nebraska",1940,1316000,132450294,0.993580278500552
"479",NA,"Nebraska",1950,1327000,151870000,0.873773622176862
"480",NA,"Nebraska",1960,1417000,179972000,0.787344698064143
"481",NA,"Nebraska",1970,1485333,203302031,0.730604112853157
"482",NA,"Nebraska",1980,1569825,226545805,0.692939337367117
"483",NA,"Nebraska",1990,1580664,249464396,0.633623084233631
"484",NA,"Nebraska",2000,1666028,272690813,0.610958609742382
"485",NA,"Nevada",1913,82000,97499636,0.0841028780866423
"486",NA,"Nevada",1920,78000,106773917,0.0730515487223345
"487",NA,"Nevada",1930,92000,123502578,0.0744923721349363
"488",NA,"Nevada",1940,113000,132450294,0.0853150239138012
"489",NA,"Nevada",1950,162000,151870000,0.106670178442089
"490",NA,"Nevada",1960,291000,179972000,0.161691818727358
"491",NA,"Nevada",1970,488738,203302031,0.240399959408177
"492",NA,"Nevada",1980,800493,226545805,0.353347085813397
"493",NA,"Nevada",1990,1218629,249464396,0.488498166287425
"494",NA,"Nevada",2000,1809253,272690813,0.663481464628586
"495",NA,"New.Hampshire",1913,439000,97499636,0.450258091219951
"496",NA,"New.Hampshire",1920,444000,106773917,0.415831892727135
"497",NA,"New.Hampshire",1930,466000,123502578,0.377320058857395
"498",NA,"New.Hampshire",1940,492000,132450294,0.371460104120267
"499",NA,"New.Hampshire",1950,532000,151870000,0.350299598340686
"500",NA,"New.Hampshire",1960,609000,179972000,0.338385971151068
"501",NA,"New.Hampshire",1970,737681,203302031,0.362849793664875
"502",NA,"New.Hampshire",1980,920610,226545805,0.406368151464998
"503",NA,"New.Hampshire",1990,1111831,249464396,0.445687247490019
"504",NA,"New.Hampshire",2000,1201134,272690813,0.440474685151934
"505",NA,"New.Jersey",1913,2729000,97499636,2.79898480851764
"506",NA,"New.Jersey",1920,3198000,106773917,2.99511349761571
"507",NA,"New.Jersey",1930,4068000,123502578,3.29385836787958
"508",NA,"New.Jersey",1940,4175000,132450294,3.15212588354088
"509",NA,"New.Jersey",1950,4872000,151870000,3.20800684796207
"510",NA,"New.Jersey",1960,6103000,179972000,3.39108305736448
"511",NA,"New.Jersey",1970,7171112,203302031,3.52731940980954
"512",NA,"New.Jersey",1980,7364823,226545805,3.25092005124527
"513",NA,"New.Jersey",1990,7757158,249464396,3.10952509631875
"514",NA,"New.Jersey",2000,8143412,272690813,2.98631696110716
"515",NA,"New.Mexico",1913,344000,97499636,0.352821830022012
"516",NA,"New.Mexico",1920,363000,106773917,0.339970669053941
"517",NA,"New.Mexico",1930,427000,123502578,0.345741770669759
"518",NA,"New.Mexico",1940,531000,132450294,0.400905112373703
"519",NA,"New.Mexico",1950,689000,151870000,0.453677487324686
"520",NA,"New.Mexico",1960,954000,179972000,0.530082457271131
"521",NA,"New.Mexico",1970,1017055,203302031,0.500267997814542
"522",NA,"New.Mexico",1980,1302894,226545805,0.575112834245596
"523",NA,"New.Mexico",1990,1519933,249464396,0.609278528066987
"524",NA,"New.Mexico",2000,1739844,272690813,0.63802809521126
"525",NA,"New.York",1913,9473000,97499636,9.71593370871661
"526",NA,"New.York",1920,10282000,106773917,9.62969261491081
"527",NA,"New.York",1930,12647000,123502578,10.2402720694624
"528",NA,"New.York",1940,13456000,132450294,10.159282847647
"529",NA,"New.York",1950,14865000,151870000,9.78797655889906
"530",NA,"New.York",1960,16838000,179972000,9.35589980663659
"531",NA,"New.York",1970,18241391,203302031,8.97255719004598
"532",NA,"New.York",1980,17558072,226545805,7.75034081959717
"533",NA,"New.York",1990,18002855,249464396,7.21660296565928
"534",NA,"New.York",2000,18196601,272690813,6.67297911499497
"535",NA,"North.Carolina",1913,2362000,97499636,2.42257314683718
"536",NA,"North.Carolina",1920,2588000,106773917,2.42381292427438
"537",NA,"North.Carolina",1930,3167000,123502578,2.56431894077547
"538",NA,"North.Carolina",1940,3574000,132450294,2.69837075635332
"539",NA,"North.Carolina",1950,4068000,151870000,2.67860670310134
"540",NA,"North.Carolina",1960,4573000,179972000,2.54095081457116
"541",NA,"North.Carolina",1970,5084411,203302031,2.50091500561546
"542",NA,"North.Carolina",1980,5881766,226545805,2.59628113617023
"543",NA,"North.Carolina",1990,6656987,249464396,2.66851186251043
"544",NA,"North.Carolina",2000,7650789,272690813,2.8056643771127
"545",NA,"North.Dakota",1913,609000,97499636,0.624617716521526
"546",NA,"North.Dakota",1920,646000,106773917,0.605016672751642
"547",NA,"North.Dakota",1930,682000,123502578,0.552215193435071
"548",NA,"North.Dakota",1940,640000,132450294,0.483200135440998
"549",NA,"North.Dakota",1950,619000,151870000,0.407585434911437
"550",NA,"North.Dakota",1960,634000,179972000,0.352277020869913
"551",NA,"North.Dakota",1970,617792,203302031,0.303878912060647
"552",NA,"North.Dakota",1980,652717,226545805,0.28811701015607
"553",NA,"North.Dakota",1990,637364,249464396,0.255492972231597
"554",NA,"North.Dakota",2000,633666,272690813,0.232375265242251
"555",NA,"Ohio",1913,4997000,97499636,5.1251473390116
"556",NA,"Ohio",1920,5799000,106773917,5.43110168001048
"557",NA,"Ohio",1930,6662000,123502578,5.39421938220593
"558",NA,"Ohio",1940,6929000,132450294,5.23139646636043
"559",NA,"Ohio",1950,7980000,151870000,5.25449397511029
"560",NA,"Ohio",1960,9734000,179972000,5.40861911852955
"561",NA,"Ohio",1970,10657423,203302031,5.24216258321591
"562",NA,"Ohio",1980,10797630,226545805,4.76620169594401
"563",NA,"Ohio",1990,10861837,249464396,4.35406301426677
"564",NA,"Ohio",2000,11256654,272690813,4.12799165331617
"565",NA,"Oklahoma",1913,1777000,97499636,1.82257090682882
"566",NA,"Oklahoma",1920,2055000,106773917,1.92462734133843
"567",NA,"Oklahoma",1930,2401000,123502578,1.94408897278241
"568",NA,"Oklahoma",1940,2325000,132450294,1.75537549203175
"569",NA,"Oklahoma",1950,2229000,151870000,1.46770264041615
"570",NA,"Oklahoma",1960,2336000,179972000,1.29797968572889
"571",NA,"Oklahoma",1970,2559463,203302031,1.25894610467517
"572",NA,"Oklahoma",1980,3025290,226545805,1.33539881702952
"573",NA,"Oklahoma",1990,3147105,249464396,1.26154475366497
"574",NA,"Oklahoma",2000,3358044,272690813,1.23144742687023
"575",NA,"Oregon",1913,722000,97499636,0.740515585104338
"576",NA,"Oregon",1920,788000,106773917,0.738007953758969
"577",NA,"Oregon",1930,956000,123502578,0.774072910445643
"578",NA,"Oregon",1940,1086000,132450294,0.819930229826443
"579",NA,"Oregon",1950,1532000,151870000,1.00875748995852
"580",NA,"Oregon",1960,1772000,179972000,0.984597604071744
"581",NA,"Oregon",1970,2091533,203302031,1.02878116352906
"582",NA,"Oregon",1980,2633105,226545805,1.16228371564859
"583",NA,"Oregon",1990,2858547,249464396,1.14587373823077
"584",NA,"Oregon",2000,3316154,272690813,1.21608570656174
"585",NA,"Pennsylvania",1913,8139000,97499636,8.3477234725266
"586",NA,"Pennsylvania",1920,8740000,106773917,8.18551969016928
"587",NA,"Pennsylvania",1930,9649000,123502578,7.81279237750001
"588",NA,"Pennsylvania",1940,9896000,132450294,7.47148209425643
"589",NA,"Pennsylvania",1950,10507000,151870000,6.91841706722855
"590",NA,"Pennsylvania",1960,11329000,179972000,6.29486809059187
"591",NA,"Pennsylvania",1970,11800766,203302031,5.80454899636492
"592",NA,"Pennsylvania",1980,11863895,226545805,5.23686368855958
"593",NA,"Pennsylvania",1990,11895604,249464396,4.7684576199002
"594",NA,"Pennsylvania",2000,11994016,272690813,4.39839386888329
"595",NA,"Rhode.Island",1913,578000,97499636,0.592822726025357
"596",NA,"Rhode.Island",1920,613000,106773917,0.574110248292193
"597",NA,"Rhode.Island",1930,686000,123502578,0.555453992223547
"598",NA,"Rhode.Island",1940,719000,132450294,0.542845152159496
"599",NA,"Rhode.Island",1950,786000,151870000,0.517547902811615
"600",NA,"Rhode.Island",1960,855000,179972000,0.475073900384504
"601",NA,"Rhode.Island",1970,949723,203302031,0.467148800889254
"602",NA,"Rhode.Island",1980,947154,226545805,0.418084987272221
"603",NA,"Rhode.Island",1990,1004649,249464396,0.402722398910985
"604",NA,"Rhode.Island",2000,990819,272690813,0.363348874536525
"605",NA,"South.Carolina",1913,1599000,97499636,1.64000612268952
"606",NA,"South.Carolina",1920,1685000,106773917,1.57810076406582
"607",NA,"South.Carolina",1930,1745000,123502578,1.41292597147243
"608",NA,"South.Carolina",1940,1902000,132450294,1.43601040251372
"609",NA,"South.Carolina",1950,2113000,151870000,1.39132152498848
"610",NA,"South.Carolina",1960,2392000,179972000,1.3290956370991
"611",NA,"South.Carolina",1970,2590713,203302031,1.27431732347032
"612",NA,"South.Carolina",1980,3121820,226545805,1.37800830167656
"613",NA,"South.Carolina",1990,3499064,249464396,1.40263061827869
"614",NA,"South.Carolina",2000,3885736,272690813,1.42496036344283
"615",NA,"South.Dakota",1913,584000,97499636,0.598976595153648
"616",NA,"South.Dakota",1920,640000,106773917,0.599397322849924
"617",NA,"South.Dakota",1930,693000,123502578,0.561121890103379
"618",NA,"South.Dakota",1940,641000,132450294,0.483955135652625
"619",NA,"South.Dakota",1950,655000,151870000,0.431289919009679
"620",NA,"South.Dakota",1960,683000,179972000,0.37950347831885
"621",NA,"South.Dakota",1970,666257,203302031,0.327717827865674
"622",NA,"South.Dakota",1980,690768,226545805,0.304913171974206
"623",NA,"South.Dakota",1990,696667,249464396,0.279265102022815
"624",NA,"South.Dakota",2000,733133,272690813,0.268851374908622
"625",NA,"Tennessee",1913,2257000,97499636,2.31488043709209
"626",NA,"Tennessee",1920,2329000,106773917,2.18124432018355
"627",NA,"Tennessee",1930,2619000,123502578,2.12060350675433
"628",NA,"Tennessee",1940,2935000,132450294,2.21592562112395
"629",NA,"Tennessee",1950,3315000,151870000,2.18278791071311
"630",NA,"Tennessee",1960,3575000,179972000,1.98642010979486
"631",NA,"Tennessee",1970,3926018,203302031,1.9311258134947
"632",NA,"Tennessee",1980,4591120,226545805,2.02657471410693
"633",NA,"Tennessee",1990,4890626,249464396,1.96045050051952
"634",NA,"Tennessee",2000,5483535,272690813,2.01089832828362
"635",NA,"Texas",1913,4207000,97499636,4.31488790378664
"636",NA,"Texas",1920,4723000,106773917,4.42336493096905
"637",NA,"Texas",1930,5844000,123502578,4.73188502996269
"638",NA,"Texas",1940,6425000,132450294,4.85087635970064
"639",NA,"Texas",1950,7776000,151870000,5.12016856522025
"640",NA,"Texas",1960,9624000,179972000,5.34749849976663
"641",NA,"Texas",1970,11198655,203302031,5.50838323892593
"642",NA,"Texas",1980,14229191,226545805,6.28093334149357
"643",NA,"Texas",1990,17044714,249464396,6.83252370811264
"644",NA,"Texas",2000,20044141,272690813,7.3505010232963
"645",NA,"Utah",1913,410000,97499636,0.420514390433211
"646",NA,"Utah",1920,453000,106773917,0.424260917579712
"647",NA,"Utah",1930,509000,123502578,0.412137145833506
"648",NA,"Utah",1940,552000,132450294,0.416760116817861
"649",NA,"Utah",1950,696000,151870000,0.45828669256601
"650",NA,"Utah",1960,900000,179972000,0.500077789878426
"651",NA,"Utah",1970,1059273,203302031,0.521034145497543
"652",NA,"Utah",1980,1461037,226545805,0.644919026419403
"653",NA,"Utah",1990,1729722,249464396,0.693374296186138
"654",NA,"Utah",2000,2129836,272690813,0.781044281092081
"655",NA,"Vermont",1913,361000,97499636,0.370257792552169
"656",NA,"Vermont",1920,353000,106773917,0.330605085884411
"657",NA,"Vermont",1930,360000,123502578,0.291491890962794
"658",NA,"Vermont",1940,363000,132450294,0.274065076820441
"659",NA,"Vermont",1950,379000,151870000,0.249555540923158
"660",NA,"Vermont",1960,389000,179972000,0.216144733625231
"661",NA,"Vermont",1970,444732,203302031,0.218754332070593
"662",NA,"Vermont",1980,511456,226545805,0.225762732618245
"663",NA,"Vermont",1990,564526,249464396,0.226295218496831
"664",NA,"Vermont",2000,593740,272690813,0.217733774551473
"665",NA,"Virginia",1913,2176000,97499636,2.23180320386017
"666",NA,"Virginia",1920,2347000,106773917,2.19810236988871
"667",NA,"Virginia",1930,2427000,123502578,1.96514116490751
"668",NA,"Virginia",1940,2720000,132450294,2.05360057562424
"669",NA,"Virginia",1950,3315000,151870000,2.18278791071311
"670",NA,"Virginia",1960,3986000,179972000,2.21478896717267
"671",NA,"Virginia",1970,4651448,203302031,2.28794959751287
"672",NA,"Virginia",1980,5346818,226545805,2.36014875667197
"673",NA,"Virginia",1990,6213526,249464396,2.49074661540078
"674",NA,"Virginia",2000,6872912,272690813,2.52040467531262
"675",NA,"Washington",1913,1209000,97499636,1.24000462935062
"676",NA,"Washington",1920,1373000,106773917,1.28589456917648
"677",NA,"Washington",1930,1568000,123502578,1.26960912508239
"678",NA,"Washington",1940,1740000,132450294,1.31370036823021
"679",NA,"Washington",1950,2387000,151870000,1.57173898729176
"680",NA,"Washington",1960,2855000,179972000,1.58635787789212
"681",NA,"Washington",1970,3413244,203302031,1.67890305040779
"682",NA,"Washington",1980,4132156,226545805,1.82398257164815
"683",NA,"Washington",1990,4900780,249464396,1.9645208208389
"684",NA,"Washington",2000,5756361,272690813,2.11094790347778
"685",NA,"West.Virginia",1913,1317000,97499636,1.35077427365985
"686",NA,"West.Virginia",1920,1470000,106773917,1.37674072592092
"687",NA,"West.Virginia",1930,1733000,123502578,1.40320957510701
"688",NA,"West.Virginia",1940,1907000,132450294,1.43978540357185
"689",NA,"West.Virginia",1950,2006000,151870000,1.32086653058537
"690",NA,"West.Virginia",1960,1853000,179972000,1.0296046051608
"691",NA,"West.Virginia",1970,1744237,203302031,0.857953553843247
"692",NA,"West.Virginia",1980,1949644,226545805,0.860595939968961
"693",NA,"West.Virginia",1990,1792481,249464396,0.718531794012
"694",NA,"West.Virginia",2000,1806928,272690813,0.662628850646318
"695",NA,"Wisconsin",1913,2438000,97499636,2.50052215579554
"696",NA,"Wisconsin",1920,2679000,106773917,2.5090397311171
"697",NA,"Wisconsin",1930,2950000,123502578,2.38861410650068
"698",NA,"Wisconsin",1940,3143000,132450294,2.37296566514228
"699",NA,"Wisconsin",1950,3438000,151870000,2.2637782313821
"700",NA,"Wisconsin",1960,3962000,179972000,2.20145355944258
"701",NA,"Wisconsin",1970,4417821,203302031,2.17303338204231
"702",NA,"Wisconsin",1980,4705767,226545805,2.07718125700893
"703",NA,"Wisconsin",1990,4902265,249464396,1.96511609616628
"704",NA,"Wisconsin",2000,5250446,272690813,1.92542093451458
"705",NA,"Wyoming",1913,157000,97499636,0.161026242190279
"706",NA,"Wyoming",1920,197000,106773917,0.184501988439742
"707",NA,"Wyoming",1930,226000,123502578,0.182992131548865
"708",NA,"Wyoming",1940,250000,132450294,0.18875005290664
"709",NA,"Wyoming",1950,290000,151870000,0.190952788569171
"710",NA,"Wyoming",1960,331000,179972000,0.18391749827751
"711",NA,"Wyoming",1970,332416,203302031,0.163508450144308
"712",NA,"Wyoming",1980,469557,226545805,0.207268018050478
"713",NA,"Wyoming",1990,453401,249464396,0.181749783644476
"714",NA,"Wyoming",2000,479602,272690813,0.175877578978064
